precision,precision_at_k,recall,recall_at_k,mae,rmse,mrr,ndcg_at_k,user_coverage,item_coverage,personalization,intra_list_similarity,intra_list_dissimilarity
0.1,0.85,0.0875,0.8375,2.811399921774864,2.994067987716732,0.1,0.1,0.1,0.09090909090909091,0.9871794871794872,0.0011904761904761904,0.9988095238095238
