precision,precision_at_k,recall,recall_at_k,mae,rmse,mrr,ndcg_at_k,user_coverage,item_coverage,personalization,intra_list_similarity,intra_list_dissimilarity
0.25,0.6810344827586207,0.01026104649021249,0.07401210688117561,2.520895867992577,2.8452080621831346,0.25,0.25,0.25,0.0077907623817473565,0.7749625187406297,0.020207793579010137,0.9797922064209899
