precision,precision_at_k,recall,recall_at_k,mae,rmse,mrr,ndcg_at_k,user_coverage,item_coverage,personalization,intra_list_similarity,intra_list_dissimilarity
0.1,0.825,0.0875,0.8125,2.0664023011922836,2.325246236196517,0.1,0.1,0.1,0.09090909090909091,0.9294871794871795,0.0008928571428571428,0.9991071428571429
