precision,precision_at_k,recall,recall_at_k,mae,rmse,mrr,ndcg_at_k,user_coverage,item_coverage,personalization,intra_list_similarity,intra_list_dissimilarity
0.008695652173913044,0.05217391304347826,3.4482758620689657e-05,0.0022431659186956236,0.8901135126749674,1.001780612833863,0.008620689655172414,0.008620689655172414,0.008620689655172414,0.0005564830272676684,0.9585468095016302,0.04037584572812645,0.9596241542718735
