key,value
precision,0.0517241379310344
precision_at_k,0.2672413793103448
recall,0.0032411413243056
recall_at_k,0.019626776652392
mae,2.56160937904892
rmse,2.79840626132487
mrr,0.0517241379310344
ndcg_at_k,0.0689655172413793
user_coverage,0.0689655172413793
item_coverage,0.0038953811908736
personalization,0.9787106446776612
intra_list_similarity,0.0453980182676411
intra_list_dissimilarity,0.9546019817323588
