key,value
precision,0.1206896551724138
precision_at_k,0.6293103448275862
recall,0.004870390448202
recall_at_k,0.0674750330071657
mae,2.831482133131056
rmse,3.1088390530168515
mrr,0.1206896551724138
ndcg_at_k,0.1206896551724138
user_coverage,0.1206896551724138
item_coverage,0.0027824151363383
personalization,0.6967016491754123
intra_list_similarity,0.0202026370315018
intra_list_dissimilarity,0.9797973629684982
