key,value
precision,0.0108695652173913
precision_at_k,0.2826086956521739
recall,0.0018115942028985
recall_at_k,0.0218723439463305
mae,1.1918472091356913
rmse,1.4745730854154218
mrr,0.0108695652173913
ndcg_at_k,0.0108695652173913
user_coverage,0.0108695652173913
item_coverage,0.00037397157816
personalization,0.9882943143812708
intra_list_similarity,0.1119848225080364
intra_list_dissimilarity,0.8880151774919636
