precision,precision_at_k,recall,recall_at_k,mae,rmse,mrr,ndcg_at_k,user_coverage,item_coverage,personalization,intra_list_similarity,intra_list_dissimilarity
0.05,0.85,0.05,0.825,2.0812863128052816,2.2183497004680497,0.05,0.05,0.05,0.045454545454545456,0.9833333333333333,0.0029130591630591634,0.9970869408369408
