key,value
precision,0.0344827586206896
precision_at_k,0.1982758620689655
recall,0.0017756527898515
recall_at_k,0.0136245713243506
mae,2.5877169406852345
rmse,2.822937434022419
mrr,0.0344827586206896
ndcg_at_k,0.0517241379310344
user_coverage,0.0517241379310344
item_coverage,0.0027824151363383
personalization,0.9731634182908546
intra_list_similarity,0.0448373345398789
intra_list_dissimilarity,0.9551626654601212
