key,value
precision,0.1034482758620689
precision_at_k,0.5431034482758621
recall,0.0062646894725786
recall_at_k,0.0516859615668779
mae,3.038694822619585
rmse,3.2869011402840536
mrr,0.1034482758620689
ndcg_at_k,0.1034482758620689
user_coverage,0.1034482758620689
item_coverage,0.0022259321090706
personalization,0.5875562218890555
intra_list_similarity,0.0201072063015965
intra_list_dissimilarity,0.9798927936984034
