key,value
precision,0.0326086956521739
precision_at_k,0.4347826086956521
recall,0.0022373700155571
recall_at_k,0.0355704269752287
mae,1.0865530209107832
rmse,1.2999753904880818
mrr,0.0326086956521739
ndcg_at_k,0.0326086956521739
user_coverage,0.0326086956521739
item_coverage,0.0011219147344801
personalization,0.9873387482083136
intra_list_similarity,0.1120378462367699
intra_list_dissimilarity,0.8879621537632301
