key,value
precision,0.0
precision_at_k,0.0035211267605633
recall,0.0
recall_at_k,0.0035211267605633
mae,3.36167436050545
rmse,3.362658872274685
mrr,0.0
ndcg_at_k,0.0
user_coverage,0.0
item_coverage,0.0
personalization,0.9979904845167256
intra_list_similarity,0.4826571883160014
intra_list_dissimilarity,0.5173428116839986
