key,value
precision,0.017391304347826
precision_at_k,0.0782608695652174
recall,0.0003147235905856
recall_at_k,0.002552478725242
mae,0.8182577013969421
rmse,1.0365461401915652
mrr,0.0172413793103448
ndcg_at_k,0.0172413793103448
user_coverage,0.0172413793103448
item_coverage,0.0011129660545353
personalization,0.9145427286356822
intra_list_similarity,0.1935258917589016
intra_list_dissimilarity,0.8064741082410983
