key,value
precision,0.0434782608695652
precision_at_k,0.7391304347826086
recall,0.0024045940958247
recall_at_k,0.0592763032629032
mae,1.2711726508357308
rmse,1.5180594237705964
mrr,0.0434782608695652
ndcg_at_k,0.0434782608695652
user_coverage,0.0434782608695652
item_coverage,0.0014958863126402
personalization,0.9885332059245102
intra_list_similarity,0.1088108188536886
intra_list_dissimilarity,0.8911891811463113
